424694,Bohemian Rhapsody
504172,The Mule
332562,A Star Is Born
480530,Creed II
450465,Glass
405774,Bird Box
369972,First Man
446807,The Girl in the Spider's Web
505954,T-34
429197,Vice
440626,Sobibor
407436,Mowgli: Legend of the Jungle
451915,Beautiful Boy
484247,A Simple Favor
399360,Alpha
446021,Bad Times at the El Royale
426426,Roma
375262,The Favourite
210577,Gone Girl
489999,Searching
516630,The Standoff at Sparrow Creek
553882,An Acceptable Loss
337167,Fifty Shades Freed
458594,Peppermint
361292,Suspiria
487558,BlacKkKlansman
398173,The House That Jack Built
447332,A Quiet Place
446101,Assassination Nation
520360,King of Thieves
470044,The Hate U Give
273481,Sicario
438808,White Boy Rick
315635,Spider-Man: Homecoming
400535,Sicario: Day of the Soldado
449459,The Vanishing
481117,The Brawler
489931,American Animals
263115,Logan
157336,Interstellar
242582,Nightcrawler
433683,History of the First Kazakh Khans. The Diamond Sword
8966,Twilight
455207,Crazy Rich Asians
474354,22 July
547760,Canal Street
466411,Speed Kills
490132,Green Book
569547,Black Mirror: Bandersnatch
155,The Dark Knight
412862,Ratsasan
316029,The Greatest Showman
429203,The Old Man & the Gun
489930,Blindspotting
433249,IO
147441,Exodus: Gods and Kings
472734,Dumplin'
272,Batman Begins
244786,Whiplash
286217,The Martian
454227,Outlaw King
106646,The Wolf of Wall Street
119450,Dawn of the Planet of the Apes
537996,The Ballad of Buster Scruggs
500475,SuperFly
65754,The Girl with the Dragon Tattoo
374720,Dunkirk
512564,Malek
399055,The Shape of Water
49026,The Dark Knight Rises
451925,Time Freak
486947,The Guilty
339103,Gotti
228150,Fury
150540,Inside Out
390874,Ashes in the Snow
440161,The Sisters Brothers
460071,Lizzie
470894,At First Light
150689,Cinderella
483184,Dogman
120467,The Grand Budapest Hotel
77877,The Lucky One
312221,Creed
313369,La La Land
468362,The Angel
216015,Fifty Shades of Grey
222935,The Fault in Our Stars
109491,Beautiful Creatures
455980,Tag
417261,Forever My Girl
68718,Django Unchained
350,The Devil Wears Prada
472451,Boy Erased
205596,The Imitation Game
18239,The Twilight Saga: New Moon
11324,Shutter Island
392044,Murder on the Orient Express
419743,Disobedience
254128,San Andreas
16869,Inglourious Basterds
440472,The Upside
381283,mother!
329865,Arrival
194662,Birdman
61791,Rise of the Planet of the Apes
429415,Extinction
443009,"Don't Worry, He Won't Get Far on Foot"
17979,A Christmas Carol
281957,The Revenant
487670,The Death of Superman
64690,Drive
359940,"Three Billboards Outside Ebbing, Missouri"
391713,Lady Bird
340613,The Wife
503346,Occupation
568709,Preman Pensiun
381284,Hidden Figures
372058,Your Name.
1124,The Prestige
315837,Ghost in the Shell
389015,"I, Tonya"
454652,Colette
470229,Summer of 84
341174,Fifty Shades Darker
398818,Call Me by Your Name
281338,War for the Planet of the Apes
53182,300: Rise of an Empire
429351,12 Strong
652,Troy
500919,211
10184,He's Just Not That Into You
290595,The Huntsman: Winter's War
419831,I Kill Giants
554600,Uri: The Surgical Strike
476292,Maquia: When the Promised Flower Blooms
264660,Ex Machina
169917,A Walk Among the Tombstones
220882,London Fields
168259,Furious 7
24021,The Twilight Saga: Eclipse
334543,Lion
363676,Sully
572238,Penguin Man
569050,Van Zùmmere en nie Baang
438145,Black '47
458737,First Reformed
423669,Raus
395841,Hold the Dark
396371,Molly's Game
241554,Run All Night
530442,"My Teacher, My Obsession"
406997,Wonder
462919,Sierra Burgess Is a Loser
449176,"Love, Simon"
49017,Dracula Untold
6977,No Country for Old Men
273248,The Hateful Eight
278927,The Jungle Book
459910,Braven
168672,American Hustle
146233,Prisoners
406990,What Happened to Monday
502682,Book Club
389218,Our Time
296096,Me Before You
400617,Phantom Thread
401469,Widows
448776,A Prayer Before Dawn
340674,Dark Crimes
70,Million Dollar Baby
538026,Thirudathey Papa Thirudathey
58595,Snow White and the Huntsman
1422,The Departed
1949,Zodiac
15472,The Girl with the Dragon Tattoo
72570,The Vow
446354,The Post
11130,The Princess Diaries 2: Royal Engagement
453201,The 15:17 to Paris
50620,The Twilight Saga: Breaking Dawn - Part 2
49047,Gravity
400579,Tully
429417,Ghost Stories
6479,I Am Legend
333371,10 Cloverfield Lane
112160,Sexual Chronicles of a French Family
324786,Hacksaw Ridge
196867,Annie
77338,The Intouchables
787,Mr. & Mrs. Smith
530154,Lust Stories
395990,Death Wish
346672,Underworld: Blood Wars
399404,Darkest Hour
457136,Mary Queen of Scots
425972,Cargo
395834,Wind River
443463,Leave No Trace
516716,Milly & Mamet
335797,Sing
384680,Hostiles
12201,Edge of Darkness
519185,Ayka
274857,King Arthur: Legend of the Sword
388,Inside Man
152601,Her
12405,Slumdog Millionaire
68734,Argo
573096,Terimakasih Cinta
399905,Female War: A Nasty Deal
266856,The Theory of Everything
395991,Only the Brave
44214,Black Swan
72190,World War Z
417812,Wildlife
318846,The Big Short
4982,American Gangster
13223,Gran Torino
295011,Patient Zero
467952,The Catcher Was a Spy
37799,The Social Network
340666,Nocturnal Animals
11036,The Notebook
449924,Ip Man 4
171274,Inherent Vice
395992,Life
124905,Godzilla
76203,12 Years a Slave
62764,Mirror Mirror
489929,Destination Wedding
561,Constantine
419478,Midnight Sun
421792,Down a Dark Hall
122906,About Time
338766,Hell or High Water
87502,Flight
7220,The Punisher
493551,Operation Finale
496274,The Thinning: New World Order
86834,Noah
310307,The Founder
44115,127 Hours
379149,The Foreigner
464502,Acrimony
571027,Electric Girl
176147,Secret Love: The Schoolboy and the Mailwoman
489927,The Kindergarten Teacher
28178,Hachi: A Dog's Tale
38,Eternal Sunshine of the Spotless Mind
2502,The Bourne Supremacy
385360,Billionaire Boys Club
154400,The Drop
376867,Moonlight
314365,Spotlight
437586,Mid90s
525554,The Bouncer
433498,Papillon
440298,Cold War
515916,Girl
462698,Fantasy of the Girls
401104,To the Bone
87827,Life of Pi
334541,Manchester by the Sea
296098,Bridge of Spies
496328,Sanju
68724,Elysium
339692,Shot Caller
307081,Southpaw
505192,Shoplifters
283366,Miss Peregrine's Home for Peculiar Children
470878,I Can Only Imagine
22971,Dear John
569584,Why Cheat India
180863,T2 Trainspotting
2567,The Aviator
9339,Click
261023,Black Mass
446696,Life Itself
399170,Logan Lucky
75174,The Grey
1164,Babel
446791,All the Money in the World
65057,The Descendants
398181,You Were Never Really Here
1402,The Pursuit of Happyness
332567,The Shallows
513574,Battle
1640,Crash
14069,The Girl Who Leapt Through Time
207932,Inferno
2026,Hostage
82693,Silver Linings Playbook
35690,The Last Song
302946,The Accountant
2503,The Bourne Ultimatum
339380,On the Basis of Sex
426613,The Miseducation of Cameron Post
339877,Loving Vincent
109424,Captain Phillips
573632,The Last Boy
394117,The Florida Project
370663,Below Her Mouth
152532,Dallas Buyers Club
396461,Under the Silver Lake
45317,The Fighter
4922,The Curious Case of Benjamin Button
205587,The Judge
7978,The Wolfman
24253,The Girl Who Played with Fire
365222,Ip Man 3
296524,Deepwater Horizon
511785,Alex Strangelove
429200,Good Time
491584,Burning
10200,The Day the Earth Stood Still
414191,Our House
293863,The Age of Adaline
85350,Boyhood
82695,Les Misérables
491472,At Eternity's Gate
514407,Indivisible
241239,A Most Violent Year
401905,Fahrenheit 451
561362,Rust Creek
376290,Miss Sloane
23168,The Town
1417,Pan's Labyrinth
121046,Eternity
301337,Downsizing
536176,Brexit: The Uncivil War
347984,6 Days
403119,47 Meters Down
44264,True Grit
13811,Knowing
80278,The Impossible
397422,Rough Night
97367,The Place Beyond the Pines
64686,47 Ronin
353575,LBJ
465136,Every Day
84892,The Perks of Being a Wallflower
4964,Knocked Up
499963,The Aspern Papers
4347,Atonement
371638,The Disaster Artist
401246,The Square
339988,The Circle
258230,A Monster Calls
138697,Don Jon
